Date,high_cmin3,low_cmin3,open_cmin3,volume_cmin3,close_cmin3
2021-02-22,9.300000190734863,8.670000076293945,8.920000076293945,10507000,9.289999961853027
2021-02-23,9.600000381469727,9.100000381469727,9.5,9243700,9.119999885559082
2021-02-24,9.279999732971191,9.069999694824219,9.15999984741211,6550600,9.149999618530273
2021-02-25,9.289999961853027,9.0,9.180000305175781,6054200,9.050000190734863
2021-02-26,9.170000076293945,8.899999618530273,9.149999618530273,4849000,8.930000305175781
2021-03-01,9.09000015258789,8.819999694824219,9.050000190734863,6578700,8.949999809265137
2021-03-02,9.050000190734863,8.510000228881836,8.970000267028809,6141500,8.800000190734863
2021-03-03,8.899999618530273,8.180000305175781,8.899999618530273,10191700,8.489999771118164
2021-03-04,8.550000190734863,8.09000015258789,8.510000228881836,17915200,8.449999809265137
2021-03-05,8.539999961853027,8.300000190734863,8.399999618530273,9965700,8.510000228881836
2021-03-08,8.520000457763672,8.350000381469727,8.399999618530273,4979600,8.510000228881836
2021-03-09,8.489999771118164,8.260000228881836,8.449999809265137,3953300,8.470000267028809
2021-03-10,8.5,8.199999809265137,8.5,9782800,8.390000343322754
2021-03-11,8.729999542236328,8.3100004196167,8.449999809265137,7448100,8.5
2021-03-12,8.510000228881836,8.359999656677246,8.460000038146973,2243400,8.489999771118164
2021-03-15,8.529999732971191,8.359999656677246,8.449999809265137,2556300,8.489999771118164
2021-03-16,8.649999618530273,8.470000267028809,8.489999771118164,2252700,8.5
2021-03-17,8.729999542236328,8.449999809265137,8.510000228881836,2550800,8.619999885559082
2021-03-18,8.65999984741211,8.420000076293945,8.600000381469727,4666500,8.489999771118164
2021-03-19,8.529999732971191,8.390000343322754,8.529999732971191,2795400,8.529999732971191
2021-03-22,8.479999542236328,8.3100004196167,8.4399995803833,2194800,8.399999618530273
2021-03-23,8.4399995803833,8.239999771118164,8.399999618530273,2289600,8.319999694824219
2021-03-24,8.40999984741211,8.3100004196167,8.380000114440918,1764200,8.359999656677246
2021-03-25,8.550000190734863,8.300000190734863,8.5,4809400,8.300000190734863
2021-03-26,8.5,8.3100004196167,8.449999809265137,4067400,8.359999656677246
2021-03-29,9.199999809265137,8.359999656677246,8.359999656677246,10506900,9.170000076293945
2021-03-30,9.4399995803833,9.0,9.149999618530273,8874400,9.020000457763672
2021-03-31,9.25,9.050000190734863,9.050000190734863,5409900,9.1899995803833
2021-04-01,9.420000076293945,9.020000457763672,9.300000190734863,6402600,9.050000190734863
2021-04-05,9.300000190734863,9.170000076293945,9.180000305175781,3784100,9.199999809265137
2021-04-06,9.369999885559082,9.210000038146973,9.220000267028809,4143800,9.25
2021-04-07,9.380000114440918,9.260000228881836,9.34000015258789,4412700,9.380000114440918
2021-04-08,9.5,9.300000190734863,9.390000343322754,4841100,9.300000190734863
2021-04-09,9.430000305175781,9.15999984741211,9.300000190734863,3099000,9.369999885559082
2021-04-12,9.5,9.319999694824219,9.380000114440918,4062100,9.430000305175781
2021-04-13,9.449999809265137,9.3100004196167,9.430000305175781,3709000,9.380000114440918
2021-04-14,9.479999542236328,9.300000190734863,9.369999885559082,10782400,9.470000267028809
2021-04-15,9.770000457763672,9.529999732971191,9.529999732971191,10601300,9.6899995803833
2021-04-16,9.829999923706055,9.470000267028809,9.6899995803833,7175300,9.569999694824219
2021-04-19,9.779999732971191,9.619999885559082,9.680000305175781,5841400,9.720000267028809
2021-04-20,10.069999694824219,9.649999618530273,9.789999961853027,7337800,9.65999984741211
2021-04-22,9.84000015258789,9.539999961853027,9.819999694824219,5257900,9.65999984741211
2021-04-23,9.859999656677246,9.680000305175781,9.75,4640400,9.75
2021-04-26,10.029999732971191,9.829999923706055,9.90999984741211,7569500,9.920000076293945
2021-04-27,10.399999618530273,9.949999809265137,9.979999542236328,10525600,10.25
2021-04-28,10.710000038146973,10.25,10.25,7548900,10.65999984741211
2021-04-29,11.199999809265137,10.520000457763672,10.899999618530273,16410300,10.800000190734863
2021-04-30,10.75,10.489999771118164,10.75,7332800,10.489999771118164
2021-05-03,10.579999923706055,10.170000076293945,10.539999961853027,8011400,10.1899995803833
2021-05-04,10.289999961853027,9.8100004196167,10.229999542236328,9051100,10.119999885559082
2021-05-05,10.279999732971191,9.90999984741211,10.1899995803833,15848800,10.100000381469727
2021-05-06,10.5,10.199999809265137,10.300000190734863,10379600,10.5
2021-05-07,10.850000381469727,10.5,10.65999984741211,9213900,10.619999885559082
2021-05-10,11.069999694824219,10.40999984741211,11.0,13198600,10.619999885559082
2021-05-11,10.899999618530273,10.319999694824219,10.550000190734863,8752700,10.899999618530273
2021-05-12,10.470000267028809,10.039999961853027,10.25,142911300,10.039999961853027
2021-05-13,10.149999618530273,9.710000038146973,10.0,13571300,9.869999885559082
2021-05-14,9.819999694824219,9.5,9.699999809265137,11768300,9.539999961853027
2021-05-17,9.84000015258789,9.579999923706055,9.600000381469727,7634200,9.649999618530273
2021-05-18,9.979999542236328,9.619999885559082,9.779999732971191,13950600,9.770000457763672
2021-05-19,9.600000381469727,9.319999694824219,9.600000381469727,9867200,9.40999984741211
2021-05-20,9.489999771118164,9.3100004196167,9.449999809265137,7367800,9.34000015258789
2021-05-21,9.300000190734863,9.100000381469727,9.279999732971191,8097000,9.229999542236328
2021-05-24,9.25,9.029999732971191,9.140000343322754,9010300,9.239999771118164
2021-05-25,9.399999618530273,9.0600004196167,9.289999961853027,6475700,9.119999885559082
2021-05-26,9.170000076293945,8.90999984741211,9.039999961853027,15932800,9.0600004196167
2021-05-27,9.329999923706055,9.119999885559082,9.130000114440918,10164300,9.220000267028809
2021-05-28,9.4399995803833,9.199999809265137,9.350000381469727,7474900,9.319999694824219
2021-05-31,9.5,9.300000190734863,9.430000305175781,5398300,9.390000343322754
2021-06-01,9.619999885559082,9.449999809265137,9.59000015258789,6978600,9.600000381469727
2021-06-02,9.6899995803833,9.479999542236328,9.600000381469727,7619300,9.65999984741211
2021-06-04,9.680000305175781,9.40999984741211,9.600000381469727,7392300,9.460000038146973
2021-06-07,9.420000076293945,9.149999618530273,9.420000076293945,5470300,9.380000114440918
2021-06-08,9.460000038146973,9.229999542236328,9.369999885559082,3924200,9.3100004196167
2021-06-09,9.4399995803833,9.300000190734863,9.390000343322754,3996300,9.430000305175781
2021-06-10,9.520000457763672,9.350000381469727,9.449999809265137,3959300,9.520000457763672
2021-06-11,9.710000038146973,9.5600004196167,9.609999656677246,4887200,9.710000038146973
2021-06-14,9.890000343322754,9.640000343322754,9.739999771118164,5471800,9.699999809265137
2021-06-15,9.699999809265137,9.529999732971191,9.6899995803833,3631100,9.670000076293945
2021-06-16,9.630000114440918,9.40999984741211,9.609999656677246,6982100,9.470000267028809
2021-06-17,9.479999542236328,9.260000228881836,9.470000267028809,6984000,9.329999923706055
2021-06-18,9.449999809265137,9.279999732971191,9.350000381469727,4857800,9.449999809265137
2021-06-21,9.4399995803833,9.020000457763672,9.229999542236328,5364100,9.4399995803833
2021-06-22,9.430000305175781,9.319999694824219,9.40999984741211,3472300,9.390000343322754
2021-06-23,9.460000038146973,9.329999923706055,9.430000305175781,5450700,9.369999885559082
2021-06-24,9.479999542236328,9.3100004196167,9.40999984741211,11729500,9.380000114440918
2021-06-25,9.430000305175781,9.329999923706055,9.399999618530273,5822100,9.359999656677246
2021-06-28,9.380000114440918,9.149999618530273,9.369999885559082,6553500,9.300000190734863
2021-06-29,9.380000114440918,9.220000267028809,9.279999732971191,5205200,9.279999732971191
2021-06-30,9.289999961853027,9.109999656677246,9.25,7203500,9.15999984741211
2021-07-01,9.239999771118164,9.050000190734863,9.1899995803833,6259100,9.100000381469727
2021-07-02,9.220000267028809,9.119999885559082,9.130000114440918,3312800,9.130000114440918
2021-07-05,9.260000228881836,9.140000343322754,9.25,2446600,9.170000076293945
2021-07-06,9.25,9.100000381469727,9.15999984741211,2984800,9.149999618530273
2021-07-07,9.210000038146973,9.09000015258789,9.210000038146973,5528200,9.140000343322754
2021-07-08,9.140000343322754,8.760000228881836,9.079999923706055,6475700,9.0600004196167
2021-07-12,9.229999542236328,9.069999694824219,9.15999984741211,5345900,9.15999984741211
2021-07-13,9.229999542236328,9.09000015258789,9.15999984741211,3092900,9.130000114440918
2021-07-14,9.220000267028809,9.109999656677246,9.149999618530273,4232200,9.140000343322754
2021-07-15,9.199999809265137,9.100000381469727,9.130000114440918,2324600,9.100000381469727
2021-07-16,9.180000305175781,9.069999694824219,9.180000305175781,3552400,9.100000381469727
2021-07-19,9.0600004196167,8.90999984741211,9.0600004196167,5242700,9.029999732971191
2021-07-20,9.100000381469727,8.960000038146973,9.029999732971191,3512900,9.069999694824219
2021-07-21,9.140000343322754,9.010000228881836,9.039999961853027,3668100,9.010000228881836
2021-07-22,9.069999694824219,8.920000076293945,8.989999771118164,3074900,9.069999694824219
2021-07-23,9.069999694824219,8.979999542236328,9.0600004196167,2337200,9.039999961853027
2021-07-26,9.25,9.010000228881836,9.039999961853027,5387000,9.199999809265137
2021-07-27,9.229999542236328,8.970000267028809,9.220000267028809,4846700,9.170000076293945
2021-07-28,9.300000190734863,9.029999732971191,9.300000190734863,9089300,9.109999656677246
2021-07-29,9.5,9.180000305175781,9.220000267028809,11595000,9.479999542236328
2021-07-30,9.4399995803833,9.15999984741211,9.350000381469727,8118200,9.199999809265137
2021-08-02,9.100000381469727,8.880000114440918,8.989999771118164,4999900,8.949999809265137
2021-08-03,8.979999542236328,8.569999694824219,8.970000267028809,8180500,8.710000038146973
2021-08-04,8.829999923706055,8.649999618530273,8.789999961853027,5443700,8.75
2021-08-05,8.739999771118164,8.479999542236328,8.699999809265137,9572300,8.5
2021-08-06,8.59000015258789,8.470000267028809,8.550000190734863,3334600,8.5
2021-08-09,8.430000305175781,8.229999542236328,8.399999618530273,7047000,8.350000381469727
2021-08-10,8.470000267028809,8.300000190734863,8.350000381469727,4218300,8.3100004196167
2021-08-11,8.380000114440918,8.25,8.359999656677246,3600800,8.279999732971191
2021-08-12,8.300000190734863,8.119999885559082,8.279999732971191,3931200,8.229999542236328
2021-08-13,8.279999732971191,7.920000076293945,8.270000457763672,5751400,8.039999961853027
2021-08-16,8.039999961853027,7.429999828338623,8.039999961853027,15754800,7.760000228881836
2021-08-17,7.75,7.130000114440918,7.710000038146973,15353900,7.230000019073486
2021-08-18,7.289999961853027,7.010000228881836,7.119999885559082,10851000,7.010000228881836
2021-08-19,7.090000152587891,6.699999809265137,6.789999961853027,9604400,6.989999771118164
2021-08-20,7.21999979019165,6.809999942779541,6.989999771118164,8400300,6.809999942779541
2021-08-23,6.929999828338623,6.650000095367432,6.849999904632568,9417400,6.679999828338623
2021-08-24,7.429999828338623,6.840000152587891,6.840000152587891,9553500,7.400000095367432
2021-08-25,7.539999961853027,7.269999980926514,7.400000095367432,5837300,7.289999961853027
2021-08-26,7.369999885559082,7.050000190734863,7.320000171661377,6015900,7.050000190734863
2021-08-27,7.440000057220459,7.150000095367432,7.150000095367432,7532800,7.340000152587891
2021-08-30,7.570000171661377,7.320000171661377,7.340000152587891,6011800,7.539999961853027
2021-08-31,7.46999979019165,7.119999885559082,7.46999979019165,9548900,7.119999885559082
2021-09-01,7.159999847412109,6.869999885559082,7.03000020980835,6161700,7.010000228881836
2021-09-02,7.090000152587891,6.800000190734863,7.050000190734863,8316900,6.800000190734863
2021-09-03,7.239999771118164,6.849999904632568,6.989999771118164,7334800,6.940000057220459
2021-09-06,7.070000171661377,6.800000190734863,6.800000190734863,3919200,7.03000020980835
2021-09-08,6.96999979019165,6.75,6.929999828338623,8648700,6.75
2021-09-09,6.809999942779541,6.550000190734863,6.75,9799700,6.650000095367432
2021-09-10,6.960000038146973,6.639999866485596,6.909999847412109,6050400,6.699999809265137
2021-09-13,6.809999942779541,6.670000076293945,6.75,4668100,6.769999980926514
2021-09-14,6.800000190734863,6.590000152587891,6.789999961853027,5775300,6.590000152587891
2021-09-15,6.590000152587891,6.340000152587891,6.590000152587891,10826200,6.340000152587891
2021-09-16,6.289999961853027,6.03000020980835,6.289999961853027,11857700,6.070000171661377
2021-09-17,6.079999923706055,5.829999923706055,6.0,32433300,5.960000038146973
2021-09-20,5.78000020980835,5.429999828338623,5.599999904632568,17339000,5.699999809265137
2021-09-21,5.920000076293945,5.710000038146973,5.809999942779541,9964200,5.840000152587891
2021-09-22,6.199999809265137,5.909999847412109,6.159999847412109,9641300,5.989999771118164
2021-09-23,6.150000095367432,5.869999885559082,5.989999771118164,9241200,5.960000038146973
2021-09-24,6.010000228881836,5.829999923706055,5.980000019073486,9333400,5.900000095367432
2021-09-27,6.369999885559082,5.949999809265137,6.019999980926514,12914800,6.269999980926514
2021-09-28,6.150000095367432,5.880000114440918,6.150000095367432,13251100,5.909999847412109
2021-09-29,6.179999828338623,5.889999866485596,6.019999980926514,9742000,6.139999866485596
2021-09-30,6.599999904632568,6.230000019073486,6.300000190734863,20567800,6.369999885559082
2021-10-01,6.539999961853027,6.28000020980835,6.389999866485596,8398900,6.519999980926514
2021-10-04,6.559999942779541,6.25,6.550000190734863,6117000,6.25
2021-10-05,6.389999866485596,6.150000095367432,6.260000228881836,4876000,6.179999828338623
2021-10-06,6.21999979019165,6.010000228881836,6.059999942779541,8152500,6.139999866485596
2021-10-07,6.25,6.079999923706055,6.21999979019165,10518500,6.099999904632568
2021-10-08,6.380000114440918,6.190000057220459,6.25,8694300,6.230000019073486
2021-10-11,6.579999923706055,6.269999980926514,6.449999809265137,12155300,6.429999828338623
2021-10-13,6.369999885559082,6.099999904632568,6.349999904632568,18778100,6.199999809265137
2021-10-14,6.269999980926514,6.070000171661377,6.230000019073486,8133700,6.110000133514404
2021-10-15,6.670000076293945,6.119999885559082,6.130000114440918,18195400,6.650000095367432
2021-10-18,6.789999961853027,6.449999809265137,6.570000171661377,8724400,6.710000038146973
2021-10-19,6.659999847412109,6.420000076293945,6.599999904632568,7304700,6.449999809265137
2021-10-20,6.510000228881836,6.139999866485596,6.480000019073486,11595900,6.159999847412109
2021-10-21,6.059999942779541,5.849999904632568,5.96999979019165,8809200,6.010000228881836
2021-10-22,6.119999885559082,5.900000095367432,5.949999809265137,11676800,6.050000190734863
2021-10-25,6.130000114440918,5.929999828338623,6.110000133514404,12136000,6.0
2021-10-26,6.039999961853027,5.710000038146973,6.0,7470800,5.789999961853027
2021-10-27,5.909999847412109,5.659999847412109,5.869999885559082,5890100,5.679999828338623
2021-10-28,5.730000019073486,5.5,5.650000095367432,9447500,5.5
2021-10-29,5.579999923706055,5.230000019073486,5.5,9449100,5.269999980926514
2021-11-01,5.409999847412109,5.239999771118164,5.28000020980835,8884800,5.380000114440918
2021-11-03,5.360000133514404,5.150000095367432,5.320000171661377,12588900,5.210000038146973
2021-11-04,5.369999885559082,4.96999979019165,5.010000228881836,18334800,5.21999979019165
2021-11-05,5.550000190734863,5.170000076293945,5.199999809265137,11491500,5.53000020980835
2021-11-08,5.849999904632568,5.579999923706055,5.650000095367432,12563600,5.800000190734863
2021-11-09,6.0,5.679999828338623,5.739999771118164,13874400,5.760000228881836
2021-11-10,5.849999904632568,5.570000171661377,5.699999809265137,12203100,5.579999923706055
2021-11-11,6.289999961853027,5.860000133514404,5.909999847412109,16427900,6.139999866485596
2021-11-12,6.46999979019165,6.050000190734863,6.099999904632568,9141700,6.110000133514404
2021-11-16,6.139999866485596,5.880000114440918,6.090000152587891,3804500,5.900000095367432
2021-11-17,6.090000152587891,5.809999942779541,5.96999979019165,4305000,5.820000171661377
2021-11-18,5.840000152587891,5.690000057220459,5.829999923706055,6569300,5.699999809265137
2021-11-19,6.039999961853027,5.730000019073486,5.730000019073486,9259400,5.929999828338623
2021-11-22,6.260000228881836,5.96999979019165,6.099999904632568,15084600,5.96999979019165
2021-11-23,6.489999771118164,6.039999961853027,6.239999771118164,11534500,6.079999923706055
2021-11-24,6.300000190734863,6.079999923706055,6.150000095367432,5090500,6.21999979019165
2021-11-25,6.320000171661377,6.139999866485596,6.25,3674300,6.199999809265137
2021-11-26,6.099999904632568,5.78000020980835,5.929999828338623,7717300,6.0
2021-11-29,6.25,5.96999979019165,6.21999979019165,7192300,5.96999979019165
2021-11-30,6.099999904632568,5.880000114440918,5.960000038146973,5746600,5.96999979019165
2021-12-01,6.190000057220459,5.860000133514404,6.070000171661377,8589000,5.860000133514404
2021-12-02,6.139999866485596,5.900000095367432,5.900000095367432,5224100,6.090000152587891
2021-12-03,6.320000171661377,6.0,6.050000190734863,6788300,6.019999980926514
2021-12-06,6.320000171661377,6.010000228881836,6.099999904632568,8325700,6.260000228881836
2021-12-07,6.739999771118164,6.429999828338623,6.489999771118164,13716800,6.539999961853027
2021-12-08,6.710000038146973,6.380000114440918,6.539999961853027,11147000,6.5
2021-12-09,6.800000190734863,6.429999828338623,6.460000038146973,8407100,6.769999980926514
2021-12-10,6.949999809265137,6.579999923706055,6.760000228881836,7627000,6.690000057220459
2021-12-13,7.199999809265137,6.849999904632568,6.889999866485596,12049600,6.869999885559082
2021-12-14,7.010000228881836,6.670000076293945,6.880000114440918,5833300,6.730000019073486
2021-12-15,6.840000152587891,6.5,6.730000019073486,7633800,6.789999961853027
2021-12-16,7.050000190734863,6.670000076293945,7.019999980926514,13812300,6.920000076293945
2021-12-17,7.25,6.820000171661377,6.889999866485596,10064600,7.210000038146973
2021-12-20,7.050000190734863,6.730000019073486,7.019999980926514,9790800,6.730000019073486
2021-12-21,7.010000228881836,6.739999771118164,6.880000114440918,9094600,6.920000076293945
2021-12-22,6.909999847412109,6.630000114440918,6.909999847412109,5805100,6.630000114440918
2021-12-23,6.690000057220459,6.46999979019165,6.670000076293945,4269100,6.630000114440918
2021-12-27,6.769999980926514,6.550000190734863,6.570000171661377,4210100,6.690000057220459
2021-12-28,6.659999847412109,6.429999828338623,6.659999847412109,7015700,6.519999980926514
2021-12-29,6.670000076293945,6.429999828338623,6.489999771118164,6493200,6.579999923706055
2021-12-30,6.96999979019165,6.579999923706055,6.610000133514404,48470300,6.739999771118164
2022-01-03,7.159999847412109,6.590000152587891,6.829999923706055,13281500,7.050000190734863
2022-01-04,7.590000152587891,7.090000152587891,7.110000133514404,17917900,7.550000190734863
2022-01-05,7.480000019073486,6.889999866485596,7.449999809265137,11435200,6.960000038146973
2022-01-06,7.179999828338623,6.769999980926514,7.110000133514404,7867700,6.820000171661377
2022-01-07,7.130000114440918,6.769999980926514,6.889999866485596,7379300,6.980000019073486
2022-01-10,7.03000020980835,6.690000057220459,6.889999866485596,6413000,6.989999771118164
2022-01-11,7.199999809265137,6.960000038146973,6.989999771118164,5508500,7.0
2022-01-12,7.440000057220459,7.03000020980835,7.170000076293945,12597400,7.309999942779541
2022-01-13,7.360000133514404,7.139999866485596,7.239999771118164,4670900,7.159999847412109
2022-01-14,7.230000019073486,7.079999923706055,7.150000095367432,3739200,7.179999828338623
2022-01-17,7.199999809265137,7.03000020980835,7.130000114440918,3172900,7.039999961853027
2022-01-18,7.269999980926514,6.96999979019165,7.03000020980835,6224500,7.199999809265137
2022-01-19,7.5,7.269999980926514,7.409999847412109,7777600,7.300000190734863
2022-01-20,7.480000019073486,7.21999979019165,7.329999923706055,4111100,7.21999979019165
2022-01-21,7.360000133514404,7.170000076293945,7.179999828338623,4145600,7.179999828338623
2022-01-24,7.090000152587891,6.909999847412109,7.079999923706055,5142300,7.0
2022-01-25,7.300000190734863,6.940000057220459,7.0,7937200,7.230000019073486
2022-01-26,7.53000020980835,7.21999979019165,7.300000190734863,11452900,7.230000019073486
2022-01-27,7.389999866485596,7.070000171661377,7.309999942779541,9175200,7.119999885559082
2022-01-28,7.28000020980835,7.099999904632568,7.28000020980835,8390700,7.150000095367432
2022-01-31,7.139999866485596,6.949999809265137,7.130000114440918,9465000,6.980000019073486
2022-02-01,7.260000228881836,6.96999979019165,6.96999979019165,7327700,7.199999809265137
2022-02-02,7.369999885559082,7.150000095367432,7.210000038146973,6626100,7.170000076293945
2022-02-03,7.21999979019165,7.070000171661377,7.170000076293945,3745000,7.159999847412109
2022-02-04,7.210000038146973,6.989999771118164,7.159999847412109,7753900,7.119999885559082
2022-02-07,7.260000228881836,7.099999904632568,7.159999847412109,9622400,7.119999885559082
2022-02-08,7.210000038146973,7.039999961853027,7.130000114440918,6874000,7.070000171661377
2022-02-09,7.099999904632568,6.880000114440918,7.079999923706055,11310300,6.940000057220459
2022-02-10,7.150000095367432,6.840000152587891,7.039999961853027,15482500,6.869999885559082
2022-02-11,6.900000095367432,6.599999904632568,6.869999885559082,11664400,6.599999904632568
2022-02-14,6.71999979019165,6.53000020980835,6.550000190734863,5742400,6.670000076293945
2022-02-15,6.690000057220459,6.519999980926514,6.539999961853027,4196000,6.650000095367432
2022-02-16,6.78000020980835,6.599999904632568,6.670000076293945,5999500,6.639999866485596
2022-02-17,6.590000152587891,6.369999885559082,6.570000171661377,5496100,6.380000114440918
2022-02-18,6.489999771118164,6.289999961853027,6.489999771118164,4431600,6.300000190734863
2022-02-21,6.449999809265137,6.119999885559082,6.400000095367432,4924200,6.179999828338623
2022-02-22,6.309999942779541,6.190000057220459,6.230000019073486,4462200,6.260000228881836
2022-02-23,6.349999904632568,6.130000114440918,6.25,5547900,6.130000114440918
2022-02-24,6.119999885559082,5.78000020980835,5.849999904632568,10722700,6.079999923706055
2022-02-25,6.239999771118164,6.0,6.0,7375600,6.199999809265137
2022-03-02,6.519999980926514,6.309999942779541,6.420000076293945,6050000,6.480000019073486
2022-03-03,6.789999961853027,6.539999961853027,6.539999961853027,9975400,6.630000114440918
2022-03-04,6.760000228881836,6.519999980926514,6.619999885559082,5557300,6.739999771118164
2022-03-07,7.0,6.710000038146973,6.809999942779541,8828500,6.78000020980835
2022-03-08,6.900000095367432,6.53000020980835,6.849999904632568,6496300,6.53000020980835
2022-03-09,6.789999961853027,6.440000057220459,6.510000228881836,8543300,6.710000038146973
2022-03-10,6.670000076293945,6.320000171661377,6.5,8186800,6.5
2022-03-11,6.730000019073486,6.440000057220459,6.539999961853027,6140800,6.440000057220459
2022-03-14,6.449999809265137,6.010000228881836,6.349999904632568,7304600,6.039999961853027
2022-03-15,5.989999771118164,5.670000076293945,5.989999771118164,7914400,5.71999979019165
2022-03-16,6.019999980926514,5.599999904632568,6.0,11554600,5.670000076293945
2022-03-17,5.809999942779541,5.690000057220459,5.739999771118164,5197300,5.75
2022-03-18,6.139999866485596,5.75,5.78000020980835,11521000,6.139999866485596
2022-03-21,6.230000019073486,6.079999923706055,6.130000114440918,4823900,6.170000076293945
2022-03-22,6.329999923706055,6.130000114440918,6.139999866485596,5612300,6.230000019073486
2022-03-23,6.300000190734863,6.110000133514404,6.230000019073486,4708200,6.110000133514404
2022-03-24,6.179999828338623,6.039999961853027,6.130000114440918,7669000,6.139999866485596
2022-03-25,6.300000190734863,6.130000114440918,6.150000095367432,5572500,6.150000095367432
2022-03-28,6.21999979019165,6.070000171661377,6.199999809265137,6540000,6.090000152587891
2022-03-29,6.190000057220459,6.010000228881836,6.150000095367432,6202500,6.03000020980835
2022-03-30,6.269999980926514,6.059999942779541,6.099999904632568,8251900,6.110000133514404
2022-03-31,6.179999828338623,6.03000020980835,6.130000114440918,5356700,6.03000020980835
2022-04-01,6.21999979019165,6.079999923706055,6.090000152587891,4228800,6.119999885559082
2022-04-04,6.300000190734863,6.110000133514404,6.130000114440918,4189500,6.199999809265137
2022-04-05,6.179999828338623,5.949999809265137,6.179999828338623,6674400,5.960000038146973
2022-04-06,5.96999979019165,5.829999923706055,5.96999979019165,6033600,5.909999847412109
2022-04-07,5.920000076293945,5.800000190734863,5.840000152587891,4255800,5.880000114440918
2022-04-08,5.869999885559082,5.71999979019165,5.849999904632568,7194200,5.829999923706055
2022-04-11,5.920000076293945,5.71999979019165,5.75,4406500,5.869999885559082
2022-04-12,5.980000019073486,5.739999771118164,5.980000019073486,9284100,5.800000190734863
2022-04-13,5.949999809265137,5.78000020980835,5.78000020980835,6046300,5.860000133514404
2022-04-14,5.849999904632568,5.769999980926514,5.809999942779541,2949100,5.820000171661377
2022-04-18,5.849999904632568,5.71999979019165,5.78000020980835,3062500,5.809999942779541
2022-04-19,5.829999923706055,5.710000038146973,5.760000228881836,3119300,5.809999942779541
2022-04-20,5.789999961853027,5.559999942779541,5.769999980926514,5588600,5.570000171661377
2022-04-22,5.570000171661377,5.380000114440918,5.510000228881836,5098100,5.400000095367432
2022-04-25,5.360000133514404,5.210000038146973,5.269999980926514,5416100,5.340000152587891
2022-04-26,5.360000133514404,5.070000171661377,5.340000152587891,5987900,5.070000171661377
2022-04-27,5.269999980926514,5.150000095367432,5.210000038146973,5434300,5.170000076293945
2022-04-28,5.28000020980835,5.110000133514404,5.239999771118164,4946400,5.199999809265137
2022-04-29,5.409999847412109,5.159999847412109,5.260000228881836,8330100,5.199999809265137
2022-05-02,4.869999885559082,4.690000057220459,4.809999942779541,7669300,4.840000152587891
2022-05-03,5.119999885559082,4.829999923706055,4.880000114440918,8960800,5.039999961853027
2022-05-04,5.300000190734863,4.949999809265137,5.010000228881836,9106200,5.239999771118164
2022-05-05,5.199999809265137,4.860000133514404,5.150000095367432,10706000,4.889999866485596
2022-05-06,4.900000095367432,4.739999771118164,4.869999885559082,5976900,4.760000228881836
2022-05-09,4.690000057220459,4.559999942779541,4.690000057220459,6420500,4.610000133514404
2022-05-10,4.650000095367432,4.28000020980835,4.579999923706055,12910700,4.28000020980835
2022-05-11,4.480000019073486,4.289999961853027,4.329999923706055,11468400,4.329999923706055
2022-05-12,4.260000228881836,4.139999866485596,4.260000228881836,9168800,4.190000057220459
2022-05-13,4.380000114440918,4.210000038146973,4.25,6604800,4.340000152587891
2022-05-16,4.389999866485596,4.269999980926514,4.380000114440918,6602300,4.320000171661377
2022-05-17,4.449999809265137,4.269999980926514,4.409999847412109,9178300,4.269999980926514
2022-05-18,4.239999771118164,4.079999923706055,4.239999771118164,8863800,4.079999923706055
2022-05-19,4.480000019073486,4.099999904632568,4.110000133514404,14710900,4.449999809265137
2022-05-20,4.699999809265137,4.550000190734863,4.559999942779541,9851500,4.610000133514404
2022-05-23,4.800000190734863,4.619999885559082,4.710000038146973,7900600,4.639999866485596
2022-05-24,4.670000076293945,4.46999979019165,4.510000228881836,4746100,4.619999885559082
2022-05-25,4.659999847412109,4.590000152587891,4.619999885559082,5769700,4.599999904632568
2022-05-26,4.699999809265137,4.579999923706055,4.579999923706055,4030100,4.670000076293945
2022-05-27,4.840000152587891,4.690000057220459,4.71999979019165,8569900,4.730000019073486
2022-05-30,4.789999961853027,4.710000038146973,4.75,3221400,4.760000228881836
2022-05-31,4.909999847412109,4.78000020980835,4.78000020980835,6305700,4.829999923706055
2022-06-01,4.920000076293945,4.809999942779541,4.829999923706055,4247400,4.849999904632568
2022-06-02,5.340000152587891,4.949999809265137,4.949999809265137,14614500,5.300000190734863
2022-06-03,5.320000171661377,5.139999866485596,5.300000190734863,6212000,5.150000095367432
2022-06-06,5.25,5.130000114440918,5.230000019073486,5984500,5.25
2022-06-07,5.25,5.119999885559082,5.199999809265137,6373800,5.130000114440918
2022-06-08,5.230000019073486,4.980000019073486,5.039999961853027,12623700,5.019999980926514
2022-06-09,5.170000076293945,4.940000057220459,4.989999771118164,8675800,5.019999980926514
2022-06-10,5.260000228881836,4.849999904632568,4.960000038146973,10563800,5.21999979019165
2022-06-13,5.150000095367432,4.929999828338623,5.059999942779541,11004200,5.070000171661377
2022-06-14,5.110000133514404,4.760000228881836,5.090000152587891,8980700,4.800000190734863
2022-06-15,4.849999904632568,4.650000095367432,4.849999904632568,11305900,4.730000019073486
2022-06-17,4.639999866485596,4.46999979019165,4.599999904632568,10302300,4.519999980926514
2022-06-20,4.440000057220459,4.320000171661377,4.369999885559082,8062800,4.340000152587891
2022-06-21,4.460000038146973,4.289999961853027,4.420000076293945,6499600,4.300000190734863
2022-06-22,4.28000020980835,4.139999866485596,4.190000057220459,7512900,4.230000019073486
2022-06-23,4.349999904632568,4.090000152587891,4.300000190734863,10209200,4.110000133514404
2022-06-24,4.190000057220459,4.070000171661377,4.159999847412109,8465400,4.139999866485596
2022-06-27,4.309999942779541,4.21999979019165,4.260000228881836,5054400,4.230000019073486
2022-06-28,4.320000171661377,4.159999847412109,4.300000190734863,6903100,4.190000057220459
2022-06-29,4.21999979019165,4.099999904632568,4.210000038146973,7000300,4.119999885559082
2022-06-30,4.079999923706055,3.859999895095825,4.070000171661377,16174500,3.859999895095825
2022-07-01,3.859999895095825,3.6700000762939453,3.8399999141693115,9434300,3.809999942779541
2022-07-04,3.799999952316284,3.640000104904175,3.7300000190734863,9487000,3.7100000381469727
2022-07-05,3.690000057220459,3.5199999809265137,3.6700000762939453,11904100,3.630000114440918
2022-07-06,3.700000047683716,3.569999933242798,3.609999895095825,9962600,3.640000104904175
2022-07-07,3.809999942779541,3.7100000381469727,3.7699999809265137,5855000,3.7100000381469727
2022-07-08,3.7799999713897705,3.6600000858306885,3.7200000286102295,6943700,3.690000057220459
2022-07-11,3.630000114440918,3.509999990463257,3.5799999237060547,5531600,3.5199999809265137
2022-07-12,3.559999942779541,3.450000047683716,3.509999990463257,6257100,3.509999990463257
2022-07-13,3.549999952316284,3.450000047683716,3.4800000190734863,8191600,3.490000009536743
2022-07-14,3.440000057220459,3.3299999237060547,3.430000066757202,8387800,3.3299999237060547
2022-07-15,3.390000104904175,3.2799999713897705,3.309999942779541,6239700,3.3399999141693115
2022-07-18,3.490000009536743,3.319999933242798,3.430000066757202,9220000,3.3299999237060547
2022-07-19,3.450000047683716,3.3299999237060547,3.3399999141693115,5055200,3.440000057220459
2022-07-20,3.490000009536743,3.4000000953674316,3.440000057220459,5226300,3.490000009536743
2022-07-21,3.5199999809265137,3.440000057220459,3.4700000286102295,5380100,3.490000009536743
2022-07-22,3.680000066757202,3.369999885559082,3.5399999618530273,15583800,3.4000000953674316
2022-07-25,3.5199999809265137,3.369999885559082,3.509999990463257,10578400,3.369999885559082
2022-07-26,3.430000066757202,3.2699999809265137,3.4200000762939453,10646400,3.2799999713897705
2022-07-27,3.440000057220459,3.2899999618530273,3.299999952316284,7940200,3.440000057220459
2022-07-28,3.569999933242798,3.450000047683716,3.509999990463257,8491700,3.5399999618530273
2022-07-29,3.549999952316284,3.440000057220459,3.5399999618530273,8184300,3.5
2022-08-01,3.5199999809265137,3.440000057220459,3.5,6983300,3.4800000190734863
2022-08-02,3.569999933242798,3.430000066757202,3.5,8329600,3.549999952316284
2022-08-03,3.5799999237060547,3.4700000286102295,3.559999942779541,6072600,3.509999990463257
2022-08-04,3.7100000381469727,3.490000009536743,3.5199999809265137,13517500,3.6600000858306885
2022-08-05,3.740000009536743,3.640000104904175,3.700000047683716,5664300,3.700000047683716
2022-08-08,3.7799999713897705,3.680000066757202,3.759999990463257,9045900,3.700000047683716
2022-08-09,3.75,3.640000104904175,3.680000066757202,7163500,3.75
2022-08-10,3.890000104904175,3.7799999713897705,3.7799999713897705,6236500,3.880000114440918
2022-08-11,3.9800000190734863,3.869999885559082,3.9000000953674316,9068800,3.880000114440918
2022-08-12,3.9800000190734863,3.880000114440918,3.880000114440918,8182300,3.940000057220459
2022-08-15,3.9000000953674316,3.8399999141693115,3.859999895095825,6177700,3.890000104904175
2022-08-16,3.9000000953674316,3.819999933242798,3.859999895095825,12697500,3.8499999046325684
2022-08-17,4.059999942779541,3.759999990463257,3.8499999046325684,17663500,4.019999980926514
2022-08-18,4.050000190734863,3.9000000953674316,4.03000020980835,11064200,3.930000066757202
2022-08-19,3.9100000858306885,3.7200000286102295,3.9000000953674316,8159800,3.7300000190734863
2022-08-22,3.7100000381469727,3.5899999141693115,3.7100000381469727,7518500,3.6500000953674316
2022-08-23,3.9200000762939453,3.6600000858306885,3.680000066757202,8039000,3.9100000858306885
2022-08-24,3.9800000190734863,3.8499999046325684,3.9200000762939453,8432700,3.930000066757202
2022-08-25,3.9800000190734863,3.880000114440918,3.950000047683716,6266000,3.9200000762939453
2022-08-26,4.03000020980835,3.8399999141693115,3.940000057220459,6740000,3.8399999141693115
2022-08-29,3.8499999046325684,3.7699999809265137,3.799999952316284,5030900,3.7899999618530273
2022-08-30,3.809999942779541,3.609999895095825,3.7699999809265137,8338600,3.619999885559082
2022-08-31,3.6700000762939453,3.5799999237060547,3.6500000953674316,8855000,3.619999885559082
2022-09-01,3.5999999046325684,3.4800000190734863,3.559999942779541,11720000,3.5999999046325684
2022-09-02,3.680000066757202,3.5299999713897705,3.619999885559082,14130000,3.559999942779541
2022-09-05,3.740000009536743,3.609999895095825,3.630000114440918,4539700,3.640000104904175
2022-09-06,3.640000104904175,3.549999952316284,3.640000104904175,4969900,3.549999952316284
2022-09-08,3.5899999141693115,3.4600000381469727,3.5799999237060547,11018400,3.549999952316284
2022-09-09,3.75,3.5999999046325684,3.5999999046325684,11106600,3.740000009536743
2022-09-12,3.819999933242798,3.75,3.7899999618530273,5269800,3.7699999809265137
2022-09-13,3.759999990463257,3.6600000858306885,3.7300000190734863,7739500,3.6700000762939453
2022-09-14,3.6700000762939453,3.569999933242798,3.6700000762939453,8573400,3.5999999046325684
2022-09-15,3.619999885559082,3.509999990463257,3.5799999237060547,5100900,3.5399999618530273
2022-09-16,3.5299999713897705,3.4700000286102295,3.5,9448400,3.5
2022-09-19,3.559999942779541,3.450000047683716,3.490000009536743,11326400,3.559999942779541
2022-09-20,3.559999942779541,3.450000047683716,3.5399999618530273,10687900,3.5399999618530273
2022-09-21,3.5199999809265137,3.430000066757202,3.5199999809265137,15507000,3.440000057220459
2022-09-22,3.5899999141693115,3.4800000190734863,3.5,10715500,3.5899999141693115
2022-09-23,3.559999942779541,3.4100000858306885,3.5399999618530273,11125300,3.4600000381469727
2022-09-26,3.4700000286102295,3.359999895095825,3.430000066757202,8884400,3.359999895095825
2022-09-27,3.4600000381469727,3.3299999237060547,3.4100000858306885,9712600,3.3499999046325684
2022-09-28,3.380000114440918,3.2699999809265137,3.380000114440918,13200000,3.299999952316284
2022-09-29,3.2799999713897705,3.180000066757202,3.259999990463257,7571400,3.2300000190734863
2022-09-30,3.3399999141693115,3.180000066757202,3.2300000190734863,16498500,3.309999942779541
2022-10-03,3.509999990463257,3.3399999141693115,3.369999885559082,9103100,3.5
2022-10-04,3.7300000190734863,3.549999952316284,3.549999952316284,13169900,3.690000057220459
2022-10-05,3.7300000190734863,3.6500000953674316,3.700000047683716,7458100,3.690000057220459
2022-10-06,3.7100000381469727,3.5999999046325684,3.700000047683716,10335500,3.7100000381469727
2022-10-07,3.7699999809265137,3.6500000953674316,3.6700000762939453,7286400,3.7100000381469727
2022-10-10,3.759999990463257,3.6600000858306885,3.7200000286102295,4584800,3.680000066757202
2022-10-11,3.6700000762939453,3.569999933242798,3.6500000953674316,5152000,3.5999999046325684
2022-10-13,3.5399999618530273,3.359999895095825,3.5399999618530273,18071200,3.4000000953674316
2022-10-14,3.430000066757202,3.25,3.4100000858306885,12366500,3.259999990463257
2022-10-17,3.299999952316284,3.240000009536743,3.299999952316284,8005200,3.2699999809265137
2022-10-18,3.4100000858306885,3.319999933242798,3.3299999237060547,6196900,3.359999895095825
2022-10-19,3.380000114440918,3.259999990463257,3.3499999046325684,7459900,3.2899999618530273
2022-10-20,3.430000066757202,3.2799999713897705,3.299999952316284,8777400,3.359999895095825
2022-10-21,3.5,3.299999952316284,3.3299999237060547,6210900,3.4700000286102295
2022-10-24,3.450000047683716,3.369999885559082,3.430000066757202,5146800,3.4000000953674316
2022-10-25,3.4100000858306885,3.319999933242798,3.380000114440918,5946700,3.319999933242798
2022-10-26,3.3399999141693115,3.2300000190734863,3.3299999237060547,11801900,3.259999990463257
2022-10-27,3.369999885559082,3.200000047683716,3.2799999713897705,10957100,3.3299999237060547
2022-10-28,3.2899999618530273,3.2100000381469727,3.2699999809265137,10587800,3.259999990463257
2022-10-31,3.3299999237060547,3.1600000858306885,3.190000057220459,10038400,3.299999952316284
2022-11-01,3.5799999237060547,3.319999933242798,3.3299999237060547,18555600,3.549999952316284
2022-11-03,3.549999952316284,3.390000104904175,3.549999952316284,9269000,3.509999990463257
2022-11-04,3.740000009536743,3.619999885559082,3.619999885559082,12681200,3.690000057220459
2022-11-07,3.75,3.630000114440918,3.680000066757202,7614900,3.6600000858306885
2022-11-08,4.050000190734863,3.859999895095825,3.9000000953674316,29678200,4.019999980926514
2022-11-09,4.139999866485596,3.9600000381469727,4.059999942779541,18450000,3.9700000286102295
2022-11-10,4.090000152587891,3.869999885559082,3.9700000286102295,23144200,4.079999923706055
2022-11-11,3.8399999141693115,3.6500000953674316,3.8299999237060547,25289000,3.7799999713897705
2022-11-14,3.869999885559082,3.700000047683716,3.809999942779541,11623100,3.7799999713897705
2022-11-16,3.9200000762939453,3.740000009536743,3.7799999713897705,11441200,3.859999895095825
2022-11-17,3.7799999713897705,3.6700000762939453,3.75,10665500,3.759999990463257
2022-11-18,3.8499999046325684,3.630000114440918,3.8499999046325684,8321300,3.630000114440918
2022-11-21,3.6600000858306885,3.5199999809265137,3.640000104904175,6842700,3.559999942779541
2022-11-22,3.690000057220459,3.549999952316284,3.559999942779541,8326200,3.569999933242798
2022-11-23,3.619999885559082,3.450000047683716,3.549999952316284,11672400,3.5799999237060547
2022-11-24,3.7100000381469727,3.5899999141693115,3.619999885559082,3625800,3.640000104904175
2022-11-25,3.7699999809265137,3.5799999237060547,3.680000066757202,6504300,3.5999999046325684
2022-11-28,3.5799999237060547,3.509999990463257,3.5799999237060547,3009800,3.549999952316284
2022-11-29,3.859999895095825,3.5799999237060547,3.5799999237060547,12048600,3.819999933242798
2022-11-30,3.950000047683716,3.809999942779541,3.859999895095825,11176200,3.869999885559082
2022-12-01,3.859999895095825,3.7799999713897705,3.859999895095825,4497000,3.809999942779541
2022-12-02,3.880000114440918,3.740000009536743,3.859999895095825,6128200,3.809999942779541
2022-12-05,3.9700000286102295,3.7799999713897705,3.8399999141693115,9366600,3.799999952316284
2022-12-06,3.8499999046325684,3.7300000190734863,3.819999933242798,8302100,3.809999942779541
2022-12-07,3.799999952316284,3.7300000190734863,3.759999990463257,4323600,3.759999990463257
2022-12-08,3.8499999046325684,3.680000066757202,3.7899999618530273,8929800,3.700000047683716
2022-12-09,4.079999923706055,3.75,3.75,24405200,4.070000171661377
2022-12-12,4.019999980926514,3.799999952316284,4.0,11857900,3.8399999141693115
2022-12-13,3.950000047683716,3.7300000190734863,3.859999895095825,10883300,3.799999952316284
2022-12-14,3.940000057220459,3.740000009536743,3.799999952316284,13978400,3.890000104904175
2022-12-15,4.039999961853027,3.8499999046325684,3.940000057220459,10268500,3.859999895095825
2022-12-16,3.950000047683716,3.809999942779541,3.859999895095825,8843500,3.8399999141693115
2022-12-19,3.880000114440918,3.7200000286102295,3.7899999618530273,8039400,3.8399999141693115
2022-12-20,4.03000020980835,3.8399999141693115,3.8399999141693115,7973700,3.9600000381469727
2022-12-21,4.050000190734863,3.9200000762939453,4.039999961853027,6502300,3.940000057220459
2022-12-22,4.019999980926514,3.880000114440918,3.940000057220459,7429200,4.0
2022-12-23,4.059999942779541,3.9600000381469727,4.0,9097300,4.03000020980835
2022-12-26,4.079999923706055,4.010000228881836,4.03000020980835,2944300,4.03000020980835
2022-12-27,4.119999885559082,4.019999980926514,4.079999923706055,6818500,4.079999923706055
2022-12-28,4.159999847412109,4.079999923706055,4.090000152587891,5580200,4.110000133514404
2022-12-29,4.170000076293945,4.059999942779541,4.150000095367432,5939200,4.079999923706055
2023-01-02,4.099999904632568,3.9700000286102295,4.099999904632568,4162100,4.039999961853027
2023-01-03,4.090000152587891,3.9600000381469727,4.03000020980835,8068500,3.990000009536743
2023-01-04,4.03000020980835,3.9100000858306885,4.019999980926514,7613500,3.9800000190734863
2023-01-05,4.079999923706055,3.9000000953674316,4.0,11753600,4.050000190734863
2023-01-06,4.349999904632568,4.099999904632568,4.099999904632568,19131500,4.300000190734863
2023-01-09,4.340000152587891,4.190000057220459,4.21999979019165,9457400,4.260000228881836
2023-01-10,4.570000171661377,4.28000020980835,4.28000020980835,12877300,4.539999961853027
2023-01-11,4.619999885559082,4.519999980926514,4.599999904632568,11297100,4.519999980926514
2023-01-12,4.599999904632568,4.519999980926514,4.550000190734863,7379300,4.53000020980835
2023-01-13,4.599999904632568,4.489999771118164,4.539999961853027,6488400,4.579999923706055
2023-01-16,4.489999771118164,4.400000095367432,4.489999771118164,4760000,4.409999847412109
2023-01-17,4.559999942779541,4.440000057220459,4.46999979019165,5806100,4.539999961853027
2023-01-18,4.840000152587891,4.690000057220459,4.690000057220459,12981000,4.739999771118164
2023-01-19,4.769999980926514,4.639999866485596,4.739999771118164,8825100,4.710000038146973
2023-01-20,4.860000133514404,4.71999979019165,4.71999979019165,8345300,4.730000019073486
2023-01-23,4.929999828338623,4.769999980926514,4.769999980926514,7061600,4.909999847412109
2023-01-24,5.039999961853027,4.900000095367432,4.940000057220459,6837800,5.010000228881836
2023-01-25,5.179999828338623,5.010000228881836,5.010000228881836,7117400,5.159999847412109
2023-01-26,5.260000228881836,5.170000076293945,5.190000057220459,5739100,5.21999979019165
2023-01-27,5.260000228881836,5.059999942779541,5.21999979019165,7454700,5.139999866485596
2023-01-30,5.300000190734863,5.119999885559082,5.199999809265137,6153700,5.159999847412109
2023-01-31,5.400000095367432,5.170000076293945,5.170000076293945,11767200,5.340000152587891
2023-02-01,5.389999866485596,5.239999771118164,5.329999923706055,7430400,5.340000152587891
2023-02-02,5.300000190734863,4.940000057220459,5.25,12985300,4.960000038146973
2023-02-03,5.099999904632568,4.920000076293945,4.920000076293945,8418600,4.949999809265137
2023-02-06,5.0,4.869999885559082,4.949999809265137,10292100,4.909999847412109
2023-02-07,4.949999809265137,4.849999904632568,4.889999866485596,5573500,4.929999828338623
2023-02-08,5.0,4.880000114440918,4.940000057220459,5043500,4.980000019073486
2023-02-09,5.099999904632568,4.880000114440918,5.039999961853027,7848100,4.889999866485596
2023-02-10,4.96999979019165,4.840000152587891,4.880000114440918,5061100,4.900000095367432
2023-02-13,4.889999866485596,4.699999809265137,4.880000114440918,5089200,4.829999923706055
2023-02-14,4.909999847412109,4.769999980926514,4.849999904632568,6176000,4.769999980926514
2023-02-15,5.039999961853027,4.78000020980835,4.809999942779541,14520300,5.019999980926514
2023-02-16,5.119999885559082,4.900000095367432,5.03000020980835,7190200,4.900000095367432
2023-02-17,4.940000057220459,4.840000152587891,4.909999847412109,5210400,4.909999847412109
2023-02-22,4.940000057220459,4.840000152587891,4.869999885559082,4252000,4.909999847412109
2023-02-23,4.980000019073486,4.769999980926514,4.909999847412109,8713800,4.889999866485596
2023-02-24,4.920000076293945,4.610000133514404,4.829999923706055,9630300,4.619999885559082
2023-02-27,4.659999847412109,4.53000020980835,4.579999923706055,5881700,4.630000114440918
2023-02-28,4.690000057220459,4.610000133514404,4.619999885559082,8043700,4.659999847412109
2023-03-01,4.920000076293945,4.75,4.75,12292300,4.78000020980835
2023-03-02,4.880000114440918,4.769999980926514,4.800000190734863,8244100,4.869999885559082
2023-03-03,5.03000020980835,4.869999885559082,4.880000114440918,5243600,4.989999771118164
2023-03-06,5.019999980926514,4.880000114440918,4.949999809265137,7202700,4.989999771118164
2023-03-07,5.019999980926514,4.880000114440918,5.010000228881836,6358900,4.929999828338623
2023-03-08,5.099999904632568,4.900000095367432,4.960000038146973,8147200,5.079999923706055
2023-03-09,5.199999809265137,4.829999923706055,5.190000057220459,20504000,4.829999923706055
2023-03-10,4.949999809265137,4.690000057220459,4.829999923706055,8098700,4.75
2023-03-13,4.920000076293945,4.679999828338623,4.71999979019165,8110400,4.889999866485596
2023-03-14,4.949999809265137,4.809999942779541,4.880000114440918,6052400,4.860000133514404
2023-03-15,4.829999923706055,4.590000152587891,4.760000228881836,12072900,4.690000057220459
2023-03-16,4.75,4.619999885559082,4.71999979019165,11542600,4.679999828338623
2023-03-17,4.760000228881836,4.599999904632568,4.679999828338623,7401700,4.619999885559082
2023-03-20,4.699999809265137,4.559999942779541,4.570000171661377,5709000,4.690000057220459
2023-03-21,4.710000038146973,4.480000019073486,4.659999847412109,6921700,4.5
2023-03-22,4.599999904632568,4.460000038146973,4.46999979019165,8119000,4.519999980926514
2023-03-23,4.630000114440918,4.409999847412109,4.510000228881836,5803900,4.480000019073486
2023-03-24,4.559999942779541,4.460000038146973,4.5,8238100,4.539999961853027
2023-03-27,4.619999885559082,4.460000038146973,4.610000133514404,5618200,4.489999771118164
2023-03-28,4.639999866485596,4.480000019073486,4.510000228881836,6613700,4.550000190734863
2023-03-29,4.659999847412109,4.550000190734863,4.599999904632568,5268800,4.590000152587891
2023-03-30,4.800000190734863,4.630000114440918,4.679999828338623,5906500,4.78000020980835
2023-03-31,4.920000076293945,4.769999980926514,4.800000190734863,8021600,4.840000152587891
2023-04-03,4.840000152587891,4.599999904632568,4.840000152587891,8021100,4.71999979019165
2023-04-04,4.699999809265137,4.539999961853027,4.699999809265137,8194100,4.610000133514404
2023-04-05,4.630000114440918,4.480000019073486,4.619999885559082,5411800,4.53000020980835
2023-04-06,4.579999923706055,4.480000019073486,4.489999771118164,3047700,4.559999942779541
2023-04-10,4.670000076293945,4.550000190734863,4.559999942779541,4340600,4.639999866485596
2023-04-11,4.900000095367432,4.75,4.75,7313900,4.820000171661377
2023-04-12,4.989999771118164,4.789999961853027,4.840000152587891,7840100,4.940000057220459
2023-04-13,4.920000076293945,4.829999923706055,4.909999847412109,7478900,4.869999885559082
2023-04-14,4.829999923706055,4.659999847412109,4.829999923706055,8155300,4.71999979019165
2023-04-17,4.769999980926514,4.679999828338623,4.730000019073486,5318500,4.699999809265137
2023-04-18,4.800000190734863,4.670000076293945,4.789999961853027,6863000,4.710000038146973
2023-04-19,4.679999828338623,4.570000171661377,4.650000095367432,3892200,4.610000133514404
2023-04-20,4.670000076293945,4.559999942779541,4.590000152587891,6165600,4.659999847412109
2023-04-24,4.53000020980835,4.380000114440918,4.519999980926514,11811500,4.409999847412109
2023-04-25,4.380000114440918,4.25,4.380000114440918,6898300,4.269999980926514
2023-04-26,4.440000057220459,4.269999980926514,4.269999980926514,7979600,4.409999847412109
2023-04-27,4.489999771118164,4.389999866485596,4.389999866485596,4606800,4.460000038146973
2023-04-28,4.679999828338623,4.449999809265137,4.460000038146973,10061900,4.639999866485596
2023-05-02,4.599999904632568,4.440000057220459,4.519999980926514,10213800,4.519999980926514
2023-05-03,4.539999961853027,4.440000057220459,4.510000228881836,6873300,4.46999979019165
2023-05-04,4.690000057220459,4.260000228881836,4.610000133514404,19265700,4.349999904632568
2023-05-05,4.590000152587891,4.380000114440918,4.400000095367432,33812000,4.570000171661377
2023-05-08,4.849999904632568,4.630000114440918,4.690000057220459,23043600,4.78000020980835
2023-05-09,4.630000114440918,4.380000114440918,4.420000076293945,11327100,4.550000190734863
2023-05-10,4.610000133514404,4.480000019073486,4.559999942779541,6964600,4.53000020980835
2023-05-11,4.489999771118164,4.340000152587891,4.460000038146973,11074400,4.369999885559082
2023-05-12,4.420000076293945,4.320000171661377,4.340000152587891,5801500,4.409999847412109
2023-05-15,4.519999980926514,4.420000076293945,4.460000038146973,7176000,4.46999979019165
2023-05-16,4.5,4.400000095367432,4.449999809265137,7684900,4.449999809265137
2023-05-17,4.71999979019165,4.489999771118164,4.5,10284400,4.690000057220459
2023-05-18,4.769999980926514,4.659999847412109,4.710000038146973,8218100,4.730000019073486
2023-05-19,4.989999771118164,4.710000038146973,4.75,12159300,4.900000095367432
2023-05-22,4.980000019073486,4.760000228881836,4.900000095367432,8267800,4.78000020980835
2023-05-23,4.760000228881836,4.650000095367432,4.75,7858700,4.670000076293945
2023-05-24,4.610000133514404,4.480000019073486,4.610000133514404,8419300,4.519999980926514
2023-05-25,4.579999923706055,4.489999771118164,4.550000190734863,5088700,4.53000020980835
2023-05-26,4.659999847412109,4.539999961853027,4.659999847412109,9003500,4.579999923706055
2023-05-29,4.650000095367432,4.570000171661377,4.630000114440918,4461200,4.570000171661377
2023-05-30,4.599999904632568,4.420000076293945,4.599999904632568,6367300,4.440000057220459
2023-05-31,4.460000038146973,4.369999885559082,4.420000076293945,6406600,4.400000095367432
2023-06-01,4.510000228881836,4.400000095367432,4.449999809265137,8694100,4.46999979019165
2023-06-02,4.730000019073486,4.619999885559082,4.639999866485596,11128700,4.670000076293945
2023-06-05,4.75,4.639999866485596,4.690000057220459,6181300,4.730000019073486
2023-06-06,4.820000171661377,4.710000038146973,4.730000019073486,7798300,4.769999980926514
2023-06-07,4.800000190734863,4.599999904632568,4.78000020980835,14839500,4.610000133514404
2023-06-09,4.679999828338623,4.539999961853027,4.670000076293945,12585300,4.559999942779541
2023-06-12,4.53000020980835,4.440000057220459,4.53000020980835,10513600,4.480000019073486
2023-06-13,4.550000190734863,4.369999885559082,4.539999961853027,11759900,4.409999847412109
2023-06-14,4.489999771118164,4.409999847412109,4.449999809265137,20282600,4.489999771118164
2023-06-15,4.53000020980835,4.449999809265137,4.5,10265400,4.489999771118164
2023-06-16,4.539999961853027,4.46999979019165,4.5,11212800,4.46999979019165
2023-06-19,4.550000190734863,4.429999828338623,4.46999979019165,7482700,4.53000020980835
2023-06-20,4.53000020980835,4.429999828338623,4.519999980926514,8449600,4.449999809265137
2023-06-21,4.460000038146973,4.360000133514404,4.449999809265137,12196900,4.380000114440918
2023-06-22,4.409999847412109,4.300000190734863,4.369999885559082,7112400,4.320000171661377
2023-06-23,4.369999885559082,4.269999980926514,4.300000190734863,7607500,4.349999904632568
2023-06-26,4.400000095367432,4.340000152587891,4.360000133514404,6359100,4.369999885559082
2023-06-27,4.440000057220459,4.340000152587891,4.409999847412109,7210600,4.349999904632568
2023-06-28,4.420000076293945,4.239999771118164,4.360000133514404,11138200,4.25
2023-06-29,4.28000020980835,4.21999979019165,4.260000228881836,11965900,4.260000228881836
2023-06-30,4.289999961853027,4.179999828338623,4.28000020980835,12922400,4.179999828338623
2023-07-03,4.260000228881836,4.190000057220459,4.190000057220459,5222600,4.230000019073486
2023-07-04,4.239999771118164,4.199999809265137,4.21999979019165,4111800,4.210000038146973
2023-07-05,4.230000019073486,4.170000076293945,4.190000057220459,6127400,4.190000057220459
2023-07-06,4.199999809265137,4.119999885559082,4.190000057220459,7519300,4.119999885559082
2023-07-07,4.25,4.119999885559082,4.130000114440918,6141800,4.210000038146973
2023-07-10,4.199999809265137,4.099999904632568,4.190000057220459,7123500,4.119999885559082
2023-07-11,4.139999866485596,4.079999923706055,4.130000114440918,9019500,4.119999885559082
2023-07-12,4.21999979019165,4.119999885559082,4.170000076293945,6275800,4.119999885559082
2023-07-13,4.25,4.139999866485596,4.150000095367432,6399900,4.210000038146973
2023-07-14,4.25,4.179999828338623,4.230000019073486,5056800,4.210000038146973
2023-07-17,4.230000019073486,4.170000076293945,4.210000038146973,5064500,4.230000019073486
2023-07-18,4.230000019073486,4.150000095367432,4.199999809265137,8879300,4.150000095367432
2023-07-19,4.159999847412109,4.079999923706055,4.150000095367432,6131900,4.119999885559082
2023-07-20,4.170000076293945,4.079999923706055,4.150000095367432,5390800,4.079999923706055
2023-07-21,4.150000095367432,4.079999923706055,4.090000152587891,5431800,4.150000095367432
2023-07-24,4.340000152587891,4.110000133514404,4.139999866485596,10184400,4.320000171661377
2023-07-25,4.539999961853027,4.369999885559082,4.380000114440918,9682500,4.420000076293945
2023-07-26,4.46999979019165,4.369999885559082,4.429999828338623,4973700,4.460000038146973
2023-07-27,4.5,4.340000152587891,4.460000038146973,5498400,4.340000152587891
2023-07-28,4.360000133514404,4.25,4.340000152587891,4886100,4.289999961853027
2023-07-31,4.449999809265137,4.289999961853027,4.320000171661377,8154800,4.449999809265137
2023-08-01,4.449999809265137,4.369999885559082,4.449999809265137,3768600,4.400000095367432
2023-08-02,4.400000095367432,4.28000020980835,4.400000095367432,7021000,4.320000171661377
2023-08-03,4.340000152587891,4.25,4.320000171661377,7080400,4.289999961853027
2023-08-04,4.289999961853027,4.210000038146973,4.260000228881836,7445400,4.210000038146973
2023-08-07,4.269999980926514,4.179999828338623,4.210000038146973,4781100,4.269999980926514
2023-08-08,4.21999979019165,4.159999847412109,4.21999979019165,5409600,4.199999809265137
2023-08-09,4.210000038146973,4.110000133514404,4.199999809265137,6024100,4.139999866485596
2023-08-10,4.170000076293945,4.110000133514404,4.150000095367432,5284100,4.130000114440918
2023-08-11,4.170000076293945,4.099999904632568,4.130000114440918,3917800,4.139999866485596
2023-08-14,4.150000095367432,4.090000152587891,4.119999885559082,6289700,4.119999885559082
2023-08-15,4.150000095367432,4.070000171661377,4.119999885559082,4648100,4.079999923706055
2023-08-16,4.110000133514404,4.050000190734863,4.110000133514404,7245500,4.050000190734863
2023-08-17,4.139999866485596,4.050000190734863,4.110000133514404,5299600,4.050000190734863
2023-08-18,4.090000152587891,4.019999980926514,4.050000190734863,5508100,4.059999942779541
2023-08-21,4.059999942779541,4.019999980926514,4.050000190734863,6183500,4.059999942779541
2023-08-22,4.159999847412109,4.079999923706055,4.099999904632568,6253900,4.110000133514404
2023-08-23,4.190000057220459,4.099999904632568,4.150000095367432,7776500,4.190000057220459
2023-08-24,4.199999809265137,4.099999904632568,4.190000057220459,7717500,4.099999904632568
2023-08-25,4.130000114440918,4.059999942779541,4.110000133514404,3727700,4.090000152587891
2023-08-28,4.139999866485596,4.079999923706055,4.110000133514404,5944700,4.139999866485596
2023-08-29,4.269999980926514,4.150000095367432,4.150000095367432,6442300,4.230000019073486
2023-08-30,4.380000114440918,4.25,4.260000228881836,8035300,4.349999904632568
2023-08-31,4.389999866485596,4.28000020980835,4.380000114440918,6188300,4.28000020980835
2023-09-01,4.389999866485596,4.289999961853027,4.329999923706055,7140400,4.360000133514404
2023-09-04,4.480000019073486,4.369999885559082,4.369999885559082,5775800,4.409999847412109
2023-09-05,4.420000076293945,4.320000171661377,4.409999847412109,8290700,4.329999923706055
2023-09-06,4.349999904632568,4.260000228881836,4.320000171661377,6245300,4.289999961853027
2023-09-08,4.25,4.159999847412109,4.25,7267800,4.210000038146973
2023-09-11,4.400000095367432,4.230000019073486,4.25,9374400,4.380000114440918
2023-09-12,4.389999866485596,4.300000190734863,4.380000114440918,6962800,4.300000190734863
2023-09-13,4.329999923706055,4.25,4.289999961853027,5248900,4.289999961853027
2023-09-14,4.449999809265137,4.349999904632568,4.400000095367432,8870800,4.429999828338623
2023-09-15,4.53000020980835,4.409999847412109,4.440000057220459,10676400,4.489999771118164
2023-09-18,4.510000228881836,4.400000095367432,4.480000019073486,6625300,4.46999979019165
2023-09-19,4.46999979019165,4.400000095367432,4.449999809265137,6752200,4.460000038146973
2023-09-20,4.619999885559082,4.449999809265137,4.449999809265137,9541900,4.550000190734863
2023-09-21,4.650000095367432,4.53000020980835,4.579999923706055,17582700,4.619999885559082
2023-09-22,4.710000038146973,4.610000133514404,4.650000095367432,10446100,4.679999828338623
2023-09-25,4.650000095367432,4.579999923706055,4.639999866485596,6203500,4.619999885559082
2023-09-26,4.619999885559082,4.519999980926514,4.579999923706055,8225900,4.559999942779541
2023-09-27,4.679999828338623,4.550000190734863,4.590000152587891,8036000,4.599999904632568
2023-09-28,4.679999828338623,4.610000133514404,4.610000133514404,10169400,4.679999828338623
2023-09-29,4.869999885559082,4.670000076293945,4.690000057220459,10681700,4.849999904632568
2023-10-02,4.920000076293945,4.789999961853027,4.849999904632568,9268000,4.789999961853027
2023-10-03,4.789999961853027,4.710000038146973,4.739999771118164,8507000,4.739999771118164
2023-10-04,4.78000020980835,4.610000133514404,4.71999979019165,8219900,4.659999847412109
2023-10-05,4.710000038146973,4.630000114440918,4.639999866485596,7794500,4.670000076293945
2023-10-06,4.699999809265137,4.579999923706055,4.630000114440918,7512000,4.659999847412109
2023-10-09,4.690000057220459,4.559999942779541,4.610000133514404,7485200,4.659999847412109
2023-10-10,4.78000020980835,4.670000076293945,4.679999828338623,8015200,4.730000019073486
2023-10-11,4.849999904632568,4.730000019073486,4.739999771118164,7194700,4.820000171661377
2023-10-13,4.900000095367432,4.75,4.789999961853027,9904000,4.829999923706055
2023-10-16,4.989999771118164,4.880000114440918,4.889999866485596,7588600,4.920000076293945
2023-10-17,4.96999979019165,4.860000133514404,4.920000076293945,8144400,4.929999828338623
2023-10-18,4.920000076293945,4.75,4.889999866485596,11775400,4.769999980926514
2023-10-19,4.849999904632568,4.730000019073486,4.78000020980835,10799300,4.78000020980835
2023-10-20,4.769999980926514,4.670000076293945,4.730000019073486,8984800,4.699999809265137
2023-10-23,4.809999942779541,4.670000076293945,4.690000057220459,8607800,4.800000190734863
2023-10-24,4.96999979019165,4.829999923706055,4.860000133514404,12680100,4.929999828338623
2023-10-25,4.980000019073486,4.840000152587891,4.960000038146973,10759900,4.840000152587891
2023-10-26,4.940000057220459,4.789999961853027,4.840000152587891,6949200,4.929999828338623
2023-10-27,5.0,4.900000095367432,4.949999809265137,11995900,4.949999809265137
2023-10-30,5.130000114440918,5.0,5.0,13835200,5.070000171661377
2023-10-31,5.230000019073486,5.059999942779541,5.070000171661377,9369600,5.179999828338623
2023-11-01,5.329999923706055,5.199999809265137,5.230000019073486,15009300,5.329999923706055
2023-11-03,5.670000076293945,5.380000114440918,5.380000114440918,14276800,5.630000114440918
2023-11-06,5.789999961853027,5.610000133514404,5.619999885559082,13889700,5.690000057220459
2023-11-07,5.820000171661377,5.590000152587891,5.630000114440918,11213600,5.769999980926514
2023-11-08,5.900000095367432,5.769999980926514,5.769999980926514,9993300,5.900000095367432
2023-11-09,5.96999979019165,5.769999980926514,5.909999847412109,9429200,5.889999866485596
2023-11-10,6.03000020980835,5.809999942779541,5.900000095367432,9230200,6.03000020980835
2023-11-13,6.179999828338623,5.880000114440918,6.019999980926514,9523400,6.179999828338623
2023-11-14,6.619999885559082,6.260000228881836,6.260000228881836,17001800,6.550000190734863
2023-11-16,7.0,6.539999961853027,6.550000190734863,17281700,6.960000038146973
2023-11-17,7.0,6.639999866485596,6.960000038146973,17955500,6.860000133514404
2023-11-20,7.130000114440918,6.920000076293945,6.920000076293945,10128800,7.119999885559082
2023-11-21,7.099999904632568,6.75,6.809999942779541,14912300,7.050000190734863
2023-11-22,7.099999904632568,6.880000114440918,7.050000190734863,11202600,7.039999961853027
2023-11-23,7.0,6.510000228881836,7.0,16087700,6.570000171661377
2023-11-24,6.619999885559082,6.489999771118164,6.559999942779541,13370300,6.53000020980835
2023-11-27,6.96999979019165,6.429999828338623,6.519999980926514,15230200,6.940000057220459
2023-11-28,7.099999904632568,6.75,6.800000190734863,8994800,7.099999904632568
2023-11-29,7.190000057220459,6.980000019073486,7.079999923706055,10201900,7.0
2023-11-30,7.190000057220459,6.949999809265137,7.090000152587891,9904900,7.159999847412109
2023-12-01,7.320000171661377,7.079999923706055,7.159999847412109,8451800,7.099999904632568
2023-12-04,7.150000095367432,6.869999885559082,7.050000190734863,12737000,6.909999847412109
2023-12-05,6.980000019073486,6.75,6.909999847412109,9313300,6.900000095367432
2023-12-06,7.099999904632568,6.849999904632568,6.980000019073486,9050900,6.869999885559082
2023-12-07,7.070000171661377,6.920000076293945,6.96999979019165,6730000,6.940000057220459
2023-12-08,7.150000095367432,6.949999809265137,7.019999980926514,6119100,7.139999866485596
2023-12-11,7.079999923706055,6.829999923706055,6.880000114440918,7140300,7.019999980926514
2023-12-12,7.099999904632568,7.010000228881836,7.050000190734863,3434100,7.090000152587891
2023-12-13,7.300000190734863,7.03000020980835,7.059999942779541,11450400,7.300000190734863
2023-12-14,7.369999885559082,7.099999904632568,7.309999942779541,8174500,7.150000095367432
2023-12-15,7.260000228881836,7.059999942779541,7.139999866485596,6326400,7.159999847412109
2023-12-18,7.25,7.130000114440918,7.159999847412109,4611800,7.170000076293945
2023-12-19,7.409999847412109,7.170000076293945,7.179999828338623,5701200,7.400000095367432
2023-12-20,7.46999979019165,7.199999809265137,7.420000076293945,6489300,7.25
2023-12-21,7.440000057220459,7.269999980926514,7.329999923706055,4446300,7.420000076293945
2023-12-22,7.550000190734863,7.269999980926514,7.409999847412109,5260600,7.420000076293945
2023-12-26,7.699999809265137,7.429999828338623,7.449999809265137,6301000,7.630000114440918
2023-12-27,7.960000038146973,7.619999885559082,7.630000114440918,8052400,7.829999923706055
2023-12-28,7.949999809265137,7.710000038146973,7.800000190734863,5803100,7.829999923706055
2024-01-02,7.960000038146973,7.75,7.800000190734863,7861400,7.889999866485596
2024-01-03,8.050000190734863,7.800000190734863,7.880000114440918,6495600,7.989999771118164
2024-01-04,7.96999979019165,7.619999885559082,7.96999979019165,9880300,7.860000133514404
2024-01-05,7.909999847412109,7.699999809265137,7.800000190734863,5359000,7.860000133514404
2024-01-08,7.880000114440918,7.670000076293945,7.789999961853027,6873500,7.75
2024-01-09,7.71999979019165,7.480000019073486,7.690000057220459,5697400,7.53000020980835
2024-01-10,7.429999828338623,7.139999866485596,7.429999828338623,12212000,7.369999885559082
2024-01-11,7.369999885559082,7.090000152587891,7.349999904632568,8973000,7.210000038146973
2024-01-12,7.21999979019165,6.989999771118164,7.159999847412109,11809400,7.170000076293945
2024-01-15,7.019999980926514,6.809999942779541,7.0,9595800,6.940000057220459
2024-01-16,6.920000076293945,6.78000020980835,6.900000095367432,8415700,6.809999942779541
2024-01-17,6.789999961853027,6.650000095367432,6.78000020980835,6304300,6.679999828338623
2024-01-18,6.760000228881836,6.639999866485596,6.739999771118164,4174400,6.679999828338623
2024-01-19,6.75,6.599999904632568,6.739999771118164,4201400,6.659999847412109
2024-01-22,6.650000095367432,6.460000038146973,6.630000114440918,7356700,6.489999771118164
2024-01-23,6.679999828338623,6.539999961853027,6.539999961853027,6282700,6.570000171661377
2024-01-24,6.869999885559082,6.659999847412109,6.659999847412109,7325400,6.730000019073486
2024-01-25,6.820000171661377,6.550000190734863,6.760000228881836,5859200,6.659999847412109
2024-01-26,6.860000133514404,6.659999847412109,6.659999847412109,4822300,6.820000171661377
2024-01-29,6.860000133514404,6.699999809265137,6.829999923706055,5945600,6.829999923706055
2024-01-30,6.929999828338623,6.679999828338623,6.820000171661377,7715700,6.900000095367432
2024-01-31,7.03000020980835,6.800000190734863,6.869999885559082,6458000,6.800000190734863
2024-02-01,6.849999904632568,6.690000057220459,6.78000020980835,4747500,6.820000171661377
2024-02-02,6.840000152587891,6.630000114440918,6.78000020980835,5674100,6.630000114440918
2024-02-05,6.610000133514404,6.360000133514404,6.599999904632568,7004200,6.460000038146973
2024-02-06,6.659999847412109,6.460000038146973,6.460000038146973,7918000,6.53000020980835
2024-02-07,6.659999847412109,6.46999979019165,6.53000020980835,13948500,6.539999961853027
2024-02-08,6.75,6.539999961853027,6.579999923706055,5756400,6.590000152587891
2024-02-09,6.679999828338623,6.46999979019165,6.590000152587891,3250300,6.46999979019165
2024-02-14,6.480000019073486,6.260000228881836,6.480000019073486,5150000,6.269999980926514
2024-02-15,6.5,6.28000020980835,6.28000020980835,6543800,6.400000095367432
2024-02-16,6.670000076293945,6.409999847412109,6.449999809265137,6091000,6.510000228881836
2024-02-19,6.5,6.329999923706055,6.5,3546700,6.329999923706055
2024-02-20,6.28000020980835,6.090000152587891,6.269999980926514,11787900,6.179999828338623
2024-02-21,6.289999961853027,6.099999904632568,6.150000095367432,7868600,6.28000020980835
2024-02-22,6.380000114440918,6.199999809265137,6.300000190734863,4969700,6.21999979019165
2024-02-23,6.300000190734863,6.150000095367432,6.25,4296200,6.150000095367432
2024-02-26,6.199999809265137,6.059999942779541,6.130000114440918,7280300,6.179999828338623
2024-02-27,6.360000133514404,6.230000019073486,6.230000019073486,4864300,6.289999961853027
2024-02-28,6.289999961853027,6.119999885559082,6.25,3923800,6.130000114440918
2024-02-29,6.179999828338623,6.039999961853027,6.119999885559082,5307400,6.070000171661377
2024-03-01,6.090000152587891,5.989999771118164,6.070000171661377,4174800,6.019999980926514
2024-03-04,6.139999866485596,6.0,6.019999980926514,5485200,6.079999923706055
2024-03-05,6.079999923706055,5.989999771118164,6.070000171661377,5539400,6.0
2024-03-06,6.119999885559082,5.940000057220459,6.059999942779541,6962400,5.96999979019165
2024-03-07,6.349999904632568,6.010000228881836,6.159999847412109,16520800,6.050000190734863
2024-03-08,6.059999942779541,5.920000076293945,6.0,5263700,5.949999809265137
2024-03-11,5.869999885559082,5.710000038146973,5.869999885559082,6965800,5.78000020980835
2024-03-12,5.929999828338623,5.809999942779541,5.820000171661377,6313400,5.869999885559082
2024-03-13,5.920000076293945,5.809999942779541,5.820000171661377,7023400,5.820000171661377
2024-03-14,5.820000171661377,5.630000114440918,5.800000190734863,5336900,5.670000076293945
2024-03-15,5.659999847412109,5.440000057220459,5.630000114440918,23978000,5.440000057220459
2024-03-18,5.699999809265137,5.510000228881836,5.519999980926514,9939000,5.590000152587891
2024-03-19,5.789999961853027,5.679999828338623,5.690000057220459,8631000,5.679999828338623
2024-03-20,5.75,5.630000114440918,5.710000038146973,7300700,5.639999866485596
2024-03-21,5.78000020980835,5.639999866485596,5.699999809265137,7978300,5.639999866485596
2024-03-22,5.659999847412109,5.480000019073486,5.639999866485596,7480600,5.480000019073486
2024-03-25,5.53000020980835,5.340000152587891,5.489999771118164,7717800,5.369999885559082
2024-03-26,5.340000152587891,5.239999771118164,5.340000152587891,6524800,5.25
2024-03-27,5.329999923706055,5.170000076293945,5.239999771118164,8595400,5.309999942779541
2024-03-28,5.420000076293945,5.210000038146973,5.309999942779541,14167000,5.300000190734863
2024-04-01,5.420000076293945,5.309999942779541,5.349999904632568,9838900,5.309999942779541
2024-04-02,5.380000114440918,5.170000076293945,5.329999923706055,10009900,5.28000020980835
2024-04-03,5.260000228881836,5.130000114440918,5.230000019073486,8160700,5.199999809265137
2024-04-04,5.320000171661377,5.179999828338623,5.190000057220459,8328100,5.21999979019165
2024-04-05,5.230000019073486,5.090000152587891,5.21999979019165,9949500,5.099999904632568
2024-04-08,5.380000114440918,5.170000076293945,5.199999809265137,12286000,5.340000152587891
2024-04-09,5.480000019073486,5.269999980926514,5.449999809265137,14914900,5.429999828338623
2024-04-10,5.389999866485596,5.099999904632568,5.389999866485596,20479400,5.099999904632568
2024-04-11,5.159999847412109,5.070000171661377,5.119999885559082,8202600,5.079999923706055
2024-04-12,5.190000057220459,5.03000020980835,5.130000114440918,8935700,5.070000171661377
2024-04-15,5.130000114440918,4.989999771118164,5.090000152587891,10306900,5.059999942779541
2024-04-16,4.96999979019165,4.900000095367432,4.96999979019165,10924200,4.929999828338623
2024-04-17,5.21999979019165,5.059999942779541,5.079999923706055,16995700,5.199999809265137
2024-04-18,5.289999961853027,5.159999847412109,5.260000228881836,16186600,5.25
2024-04-19,5.300000190734863,5.190000057220459,5.210000038146973,10260100,5.300000190734863
2024-04-22,5.28000020980835,5.159999847412109,5.28000020980835,9536200,5.199999809265137
2024-04-23,5.150000095367432,5.019999980926514,5.099999904632568,9075800,5.050000190734863
2024-04-24,5.110000133514404,5.039999961853027,5.110000133514404,8935200,5.050000190734863
2024-04-25,5.050000190734863,4.949999809265137,5.050000190734863,7495000,4.949999809265137
2024-04-26,5.03000020980835,4.949999809265137,5.0,5143000,4.980000019073486
2024-04-29,5.039999961853027,4.929999828338623,4.96999979019165,7962900,5.0
2024-04-30,5.019999980926514,4.900000095367432,5.0,9109300,4.940000057220459
2024-05-02,5.170000076293945,4.989999771118164,4.989999771118164,9645800,5.119999885559082
2024-05-03,5.21999979019165,5.110000133514404,5.179999828338623,8017100,5.179999828338623
2024-05-06,5.289999961853027,5.110000133514404,5.190000057220459,7448800,5.110000133514404
2024-05-07,5.21999979019165,5.079999923706055,5.150000095367432,9343700,5.130000114440918
2024-05-08,5.139999866485596,5.03000020980835,5.079999923706055,8624500,5.119999885559082
2024-05-09,5.119999885559082,5.03000020980835,5.090000152587891,9375700,5.079999923706055
2024-05-10,5.289999961853027,5.010000228881836,5.21999979019165,15698800,5.070000171661377
2024-05-13,5.53000020980835,5.150000095367432,5.150000095367432,23189800,5.5
2024-05-14,5.570000171661377,5.28000020980835,5.53000020980835,22602000,5.360000133514404
2024-05-15,5.190000057220459,5.0,5.170000076293945,12258100,5.159999847412109
2024-05-16,5.269999980926514,5.130000114440918,5.210000038146973,11541200,5.190000057220459
2024-05-17,5.320000171661377,5.230000019073486,5.25,9756800,5.25
2024-05-20,5.449999809265137,5.210000038146973,5.260000228881836,11080700,5.380000114440918
2024-05-21,5.579999923706055,5.409999847412109,5.409999847412109,10831800,5.510000228881836
2024-05-22,5.570000171661377,5.400000095367432,5.550000190734863,8847100,5.420000076293945
2024-05-23,5.420000076293945,5.230000019073486,5.400000095367432,7654000,5.289999961853027
2024-05-24,5.360000133514404,5.25,5.28000020980835,4529700,5.289999961853027
2024-05-27,5.340000152587891,5.21999979019165,5.28000020980835,2937500,5.340000152587891
2024-05-28,5.389999866485596,5.110000133514404,5.369999885559082,9366700,5.130000114440918
2024-05-29,5.119999885559082,4.980000019073486,5.099999904632568,14049800,5.070000171661377
2024-05-31,5.059999942779541,4.920000076293945,5.039999961853027,11183800,4.940000057220459
2024-06-03,4.940000057220459,4.760000228881836,4.920000076293945,15225600,4.829999923706055
2024-06-04,4.820000171661377,4.690000057220459,4.769999980926514,13082800,4.699999809265137
2024-06-05,4.71999979019165,4.610000133514404,4.679999828338623,14727400,4.670000076293945
2024-06-06,4.929999828338623,4.659999847412109,4.710000038146973,11352900,4.900000095367432
2024-06-07,4.920000076293945,4.809999942779541,4.849999904632568,12529900,4.869999885559082
2024-06-10,4.96999979019165,4.789999961853027,4.880000114440918,8076900,4.889999866485596
2024-06-11,4.949999809265137,4.739999771118164,4.800000190734863,14935400,4.949999809265137
2024-06-12,5.03000020980835,4.800000190734863,4.989999771118164,7635800,4.829999923706055
2024-06-13,4.989999771118164,4.809999942779541,4.849999904632568,5950600,4.989999771118164
2024-06-14,5.0,4.860000133514404,5.0,4757200,4.880000114440918
2024-06-17,4.900000095367432,4.800000190734863,4.820000171661377,4200500,4.860000133514404
2024-06-18,5.079999923706055,4.849999904632568,4.860000133514404,9469700,5.050000190734863
2024-06-19,5.099999904632568,4.909999847412109,5.03000020980835,7862600,5.070000171661377
2024-06-20,5.239999771118164,5.059999942779541,5.099999904632568,10763500,5.150000095367432
2024-06-21,5.199999809265137,5.079999923706055,5.110000133514404,16597800,5.190000057220459
2024-06-24,5.179999828338623,5.039999961853027,5.139999866485596,9309300,5.179999828338623
2024-06-25,5.179999828338623,5.070000171661377,5.179999828338623,7017200,5.090000152587891
2024-06-26,5.170000076293945,5.070000171661377,5.150000095367432,12623700,5.170000076293945
2024-06-27,5.210000038146973,5.099999904632568,5.179999828338623,10216500,5.150000095367432
2024-06-28,5.21999979019165,5.139999866485596,5.150000095367432,10690800,5.190000057220459
2024-07-01,5.5,5.260000228881836,5.289999961853027,15961700,5.449999809265137
2024-07-02,5.519999980926514,5.320000171661377,5.46999979019165,13354400,5.420000076293945
2024-07-03,5.639999866485596,5.489999771118164,5.489999771118164,14759900,5.539999961853027
2024-07-04,5.590000152587891,5.429999828338623,5.570000171661377,6552000,5.429999828338623
2024-07-05,5.46999979019165,5.360000133514404,5.389999866485596,6465500,5.429999828338623
2024-07-08,5.389999866485596,5.210000038146973,5.380000114440918,9787800,5.28000020980835
2024-07-09,5.289999961853027,5.230000019073486,5.28000020980835,5370400,5.269999980926514
2024-07-10,5.349999904632568,5.210000038146973,5.289999961853027,8413100,5.28000020980835
2024-07-11,5.360000133514404,5.25,5.289999961853027,6611600,5.340000152587891
2024-07-12,5.5,5.320000171661377,5.349999904632568,6638800,5.480000019073486
2024-07-15,5.539999961853027,5.409999847412109,5.480000019073486,5790600,5.539999961853027
2024-07-16,5.53000020980835,5.389999866485596,5.519999980926514,7678700,5.420000076293945
2024-07-17,5.449999809265137,5.380000114440918,5.420000076293945,4537400,5.389999866485596
2024-07-18,5.400000095367432,5.199999809265137,5.389999866485596,6310000,5.210000038146973
2024-07-19,5.25,5.099999904632568,5.25,9599900,5.119999885559082
2024-07-22,5.210000038146973,5.110000133514404,5.119999885559082,6800000,5.210000038146973
2024-07-23,5.150000095367432,4.920000076293945,5.139999866485596,14815700,4.949999809265137
2024-07-24,5.059999942779541,4.920000076293945,4.940000057220459,7726200,5.019999980926514
2024-07-25,5.079999923706055,4.929999828338623,4.980000019073486,6438800,5.019999980926514
2024-07-26,5.079999923706055,5.0,5.059999942779541,7563900,5.0
2024-07-29,5.039999961853027,4.96999979019165,5.010000228881836,4785100,5.019999980926514
2024-07-30,5.0,4.909999847412109,4.96999979019165,5282100,4.96999979019165
2024-07-31,5.170000076293945,4.960000038146973,4.989999771118164,11867700,5.119999885559082
2024-08-01,5.210000038146973,4.949999809265137,5.139999866485596,11315900,4.960000038146973
2024-08-02,5.050000190734863,4.860000133514404,4.980000019073486,9606700,4.860000133514404
2024-08-05,4.880000114440918,4.730000019073486,4.789999961853027,8385900,4.849999904632568
2024-08-06,4.900000095367432,4.78000020980835,4.860000133514404,5792800,4.840000152587891
2024-08-07,4.920000076293945,4.820000171661377,4.880000114440918,6534900,4.820000171661377
2024-08-08,4.860000133514404,4.789999961853027,4.800000190734863,5957600,4.820000171661377
2024-08-09,4.909999847412109,4.809999942779541,4.829999923706055,4733000,4.909999847412109
2024-08-12,4.980000019073486,4.909999847412109,4.929999828338623,7479000,4.929999828338623
2024-08-13,5.369999885559082,5.110000133514404,5.139999866485596,22598200,5.239999771118164
2024-08-14,5.199999809265137,5.0,5.190000057220459,16667600,5.0
2024-08-15,5.159999847412109,4.949999809265137,4.989999771118164,13477700,5.119999885559082
2024-08-16,5.130000114440918,5.019999980926514,5.119999885559082,9050300,5.019999980926514
2024-08-19,5.300000190734863,5.059999942779541,5.070000171661377,13727400,5.269999980926514
2024-08-20,5.340000152587891,5.190000057220459,5.269999980926514,10225800,5.260000228881836
2024-08-21,5.550000190734863,5.320000171661377,5.429999828338623,17479500,5.460000038146973
2024-08-22,5.510000228881836,5.380000114440918,5.5,8680500,5.400000095367432
2024-08-23,5.610000133514404,5.360000133514404,5.400000095367432,8148800,5.550000190734863
2024-08-26,5.739999771118164,5.559999942779541,5.630000114440918,16861900,5.570000171661377
2024-08-27,5.78000020980835,5.590000152587891,5.650000095367432,12477000,5.690000057220459
2024-08-28,5.679999828338623,5.46999979019165,5.670000076293945,16083900,5.559999942779541
2024-08-29,5.659999847412109,5.539999961853027,5.539999961853027,12610000,5.650000095367432
2024-08-30,5.829999923706055,5.599999904632568,5.599999904632568,16393500,5.679999828338623
2024-09-02,5.739999771118164,5.550000190734863,5.570000171661377,9141200,5.710000038146973
2024-09-03,5.679999828338623,5.570000171661377,5.670000076293945,10663800,5.590000152587891
2024-09-04,5.800000190734863,5.599999904632568,5.619999885559082,11746000,5.739999771118164
2024-09-05,5.960000038146973,5.619999885559082,5.679999828338623,16172600,5.929999828338623
2024-09-06,6.210000038146973,5.889999866485596,5.960000038146973,23120400,6.179999828338623
2024-09-09,6.159999847412109,5.869999885559082,6.139999866485596,20393200,5.909999847412109
2024-09-10,6.0,5.829999923706055,5.900000095367432,14603900,5.940000057220459
2024-09-11,6.159999847412109,5.960000038146973,5.960000038146973,17737400,6.110000133514404
2024-09-12,6.369999885559082,6.170000076293945,6.199999809265137,23195300,6.309999942779541
2024-09-13,6.639999866485596,6.300000190734863,6.320000171661377,20756300,6.639999866485596
2024-09-16,7.099999904632568,6.539999961853027,6.650000095367432,14959700,7.099999904632568
2024-09-17,7.269999980926514,6.820000171661377,7.0,20723000,6.900000095367432
2024-09-18,6.800000190734863,6.329999923706055,6.739999771118164,16474400,6.329999923706055
2024-09-19,6.619999885559082,6.389999866485596,6.420000076293945,17124300,6.409999847412109
2024-09-20,6.420000076293945,6.239999771118164,6.400000095367432,11495700,6.340000152587891
2024-09-23,6.5,6.010000228881836,6.25,11193600,6.329999923706055
2024-09-24,6.730000019073486,6.519999980926514,6.579999923706055,15532200,6.590000152587891
2024-09-25,6.849999904632568,6.639999866485596,6.639999866485596,14421700,6.75
2024-09-26,7.199999809265137,6.880000114440918,6.920000076293945,24346000,7.199999809265137
2024-09-27,7.289999961853027,6.909999847412109,7.25,11620700,6.909999847412109
2024-09-30,7.179999828338623,6.800000190734863,7.150000095367432,9993900,6.900000095367432
2024-10-01,7.230000019073486,6.949999809265137,7.03000020980835,14758600,7.119999885559082
2024-10-02,7.400000095367432,7.199999809265137,7.199999809265137,13376300,7.340000152587891
2024-10-03,7.389999866485596,7.139999866485596,7.329999923706055,13497500,7.199999809265137
2024-10-04,6.590000152587891,6.309999942779541,6.590000152587891,11918900,6.340000152587891
2024-10-07,6.400000095367432,6.239999771118164,6.369999885559082,8774900,6.28000020980835
2024-10-08,6.099999904632568,6.010000228881836,6.050000190734863,11401000,6.050000190734863
2024-10-09,6.010000228881836,5.889999866485596,6.0,9106300,5.900000095367432
2024-10-10,5.989999771118164,5.849999904632568,5.949999809265137,5534900,5.880000114440918
2024-10-11,5.940000057220459,5.809999942779541,5.860000133514404,5598700,5.940000057220459
2024-10-14,5.980000019073486,5.860000133514404,5.940000057220459,5313300,5.980000019073486
2024-10-15,5.989999771118164,5.900000095367432,5.96999979019165,4341000,5.949999809265137
2024-10-16,6.110000133514404,5.909999847412109,6.0,9568600,5.909999847412109
2024-10-17,5.96999979019165,5.78000020980835,5.849999904632568,8813700,5.940000057220459
2024-10-18,6.079999923706055,5.889999866485596,6.0,6843200,5.929999828338623
2024-10-21,6.039999961853027,5.929999828338623,5.960000038146973,6040800,6.0
2024-10-22,5.96999979019165,5.880000114440918,5.929999828338623,4998900,5.960000038146973
2024-10-23,5.920000076293945,5.849999904632568,5.880000114440918,4519500,5.849999904632568
2024-10-24,5.880000114440918,5.78000020980835,5.849999904632568,4724200,5.840000152587891
2024-10-25,5.980000019073486,5.860000133514404,5.860000133514404,6927000,5.949999809265137
2024-10-28,6.099999904632568,5.989999771118164,6.050000190734863,5755300,6.059999942779541
2024-10-29,6.099999904632568,5.96999979019165,6.050000190734863,7276400,6.010000228881836
2024-10-30,6.110000133514404,6.010000228881836,6.010000228881836,5903000,6.070000171661377
2024-10-31,6.21999979019165,6.03000020980835,6.050000190734863,7697400,6.210000038146973
2024-11-01,6.269999980926514,6.039999961853027,6.25,11157200,6.179999828338623
2024-11-04,6.360000133514404,6.139999866485596,6.28000020980835,9173800,6.300000190734863
2024-11-05,6.340000152587891,6.210000038146973,6.320000171661377,4359300,6.210000038146973
2024-11-06,6.21999979019165,5.960000038146973,6.070000171661377,11368600,6.170000076293945
2024-11-07,6.300000190734863,6.150000095367432,6.21999979019165,9985400,6.190000057220459
2024-11-08,6.070000171661377,5.840000152587891,6.050000190734863,13064900,5.849999904632568
2024-11-11,5.809999942779541,5.699999809265137,5.809999942779541,9266100,5.769999980926514
2024-11-12,5.789999961853027,5.539999961853027,5.78000020980835,10128300,5.550000190734863
2024-11-13,5.590000152587891,5.210000038146973,5.449999809265137,15301900,5.230000019073486
2024-11-14,5.420000076293945,5.199999809265137,5.199999809265137,9467200,5.28000020980835
2024-11-18,5.369999885559082,5.230000019073486,5.349999904632568,8254600,5.28000020980835
2024-11-19,5.320000171661377,5.21999979019165,5.309999942779541,6860400,5.230000019073486
